{
  "1": 83.27850222587585,
  "2": 45.08192992210388,
  "3": 33.58037185668945,
  "4": 27.239886045455933,
  "5": 24.40655827522278,
  "6": 22.869396686553955,
  "7": 21.894708395004272,
  "8": 21.584688663482666,
  "9": 21.326658964157104,
  "10": 20.82695460319519
}